"id","name","summary","school"
"P-001","ピエール・アベラール","概念論、普遍論争の解決","哲学OS, 言語OS"
"P-002","アルフレッド・アドラー","個人心理学、劣等感と補償","心理OS, 社会OS"
"P-003","テオドール・アドルノ","啓蒙の弁証法、文化産業","哲学OS, 社会OS"
"P-004","ジョルジョ・アガンベン","ホモ・サケル、例外状態","哲学OS, 政治OS, 法OS"
"P-005","アル＝ビールーニー","測地学、比較文化学","科学方法OS, 社会OS"
"P-006","アル＝ファーラービー","第二の師、知性論","宗教OS, 哲学OS, 政治OS"
"P-007","アル＝ガザーリー","哲学者の自己矛盾、スーフィズム","宗教OS, 哲学OS"
"P-008","アル＝キンディー","アラブの哲学者、知性の分類","宗教OS, 哲学OS, 科学方法OS"
"P-009","アル・ラーズィー","哲学的医学、預言者批判","科学方法OS, 哲学OS"
"P-010","アルベルトゥス・マグヌス","普遍的博士、自然科学と神学の統合","宗教OS, 科学方法OS, 哲学OS"
"P-011","ルイ・アルチュセール","イデオロギー装置、認識論的切断","哲学OS, 政治OS, 社会OS"
"P-012","アナクサゴラス","ヌースによる宇宙の秩序","哲学OS, 科学方法OS"
"P-013","アナクシマンドロス","万物の根源、宇宙図の作成","哲学OS, 科学方法OS"
"P-014","アナクシメネス","万物の根源を空気とする","哲学OS, 科学方法OS"
"P-015","ギュンター・アンダース","プロメテウス的恥辱、時代遅れの人間","哲学OS, 技術OS, 倫理OS"
"P-016","ベネディクト・アンダーソン","想像の共同体","社会OS, 政治OS"
"P-017","エリザベス・アンスコム","意図、現代徳倫理の祖","倫理OS, 哲学OS, 言語OS"
"P-018","アンセルムス","神の存在論的証明","哲学OS, 宗教OS"
"P-019","アンティステネス","キュニコス派の祖","哲学OS, 倫理OS"
"P-020","カール＝オットー・アーペル","超越論的語用論","言語OS, 倫理OS, 哲学OS"
"P-021","トマス・アクィナス","スコラ哲学、信仰と理性の調和","哲学OS, 宗教OS, 倫理OS"
"P-022","アルキメデス","数理物理学の祖、テコの原理","科学方法OS, 数学OS"
"P-023","ハンナ・アーレント","全体主義の起源、活動的生","政治OS, 哲学OS, 倫理OS"
"P-024","アリストテレス","万学の祖、形而上学","哲学OS, 科学方法OS, 倫理OS, 政治OS"
"P-025","ケネス・アロー","不可能性定理","社会OS, 政治OS, 経済OS"
"P-026","アサンガ（無著）","唯識派、大乗仏教","宗教OS, 心理OS, 哲学OS"
"P-027","メアリ・アステル","最初期のフェミニスト、女性の教育権利","社会OS, 政治OS, 哲学OS"
"P-028","アタナシオス","三位一体説、ニカイア信条","宗教OS, 哲学OS"
"P-029","アウグスティヌス","神の国、時間論","哲学OS, 宗教OS, 心理OS"
"P-030","シュリー・オーロビンド","インテグラルヨガ、超意識","哲学OS, 宗教OS, 心理OS"
"P-031","J.L.オースティン","言語行為論","言語OS, 哲学OS"
"P-032","イブン・ルシュド","二重真理説、アリストテレス注釈","哲学OS, 宗教OS, 科学方法OS"
"P-033","イブン・スィーナー","存在の必然性、空中浮遊人","哲学OS, 科学方法OS, 宗教OS"
"P-034","A.J.エイヤー","論理実証主義、検証原理","言語OS, 哲学OS"
"P-035","チャールズ・バベッジ","解析機関、コンピュータの父","技術OS, 数学OS"
"P-036","ガストン・バシュラール","認識論的切断、科学的精神","科学方法OS, 哲学OS"
"P-037","フランシス・ベーコン","帰納法、イドラ","科学方法OS, 哲学OS"
"P-038","ロジャー・ベーコン","経験科学、驚異の博士","科学方法OS, 哲学OS"
"P-039","アラン・バディウ","出来事、数学的存在論","哲学OS, 数学OS, 政治OS"
"P-040","ミハイル・バクーニン","集産主義アナキズム、国家廃止","政治OS, 社会OS"
"P-041","カレン・バラド","エージェンシャル・リアリズム","哲学OS, 科学方法OS, 社会OS"
"P-042","ロラン・バルト","作者の死、神話作用","言語OS, 社会OS, 哲学OS"
"P-043","バシレイオス","三位一体論の洗練、修道規則","宗教OS, 哲学OS, 社会OS"
"P-044","ジョルジュ・バタイユ","蕩尽、呪われた部分","哲学OS, 経済OS, 宗教OS"
"P-045","グレゴリー・ベイトソン","ダブルバインド、精神の生態学","心理OS, 社会OS, 科学方法OS"
"P-046","ジャン・ボードリヤール","シミュラークル、消費社会","社会OS, 哲学OS, メディアOS"
"P-047","ジグムント・バウマン","液状化する社会","社会OS, 哲学OS"
"P-048","トマス・ベイズ","ベイズ確率、主観確率","科学方法OS, 数学OS"
"P-049","ピエール・ベール","懐疑主義、寛容","哲学OS, 宗教OS"
"P-050","シモーヌ・ド・ボーヴォワール","第二の性、実存主義フェミニズム","哲学OS, 社会OS, 政治OS"
"P-051","チェーザレ・ベッカリア","罪刑法定主義、拷問の廃止","法OS, 倒理OS"
"P-052","ウルリッヒ・ベック","リスク社会、再帰的近代化","社会OS, 政治OS"
"P-053","ルース・ベネディクト","文化の型、菊と刀","社会OS, 心理OS"
"P-054","ヴァルター・ベンヤミン","アウラ、複製技術時代の芸術","哲学OS, 美OS, 社会OS"
"P-055","ジェレミー・ベンサム","最大多数の最大幸福、パノプティコン","倒理OS, 法OS, 政治OS"
"P-056","ピーター・バーガー","現実の社会的構成、聖なる天蓋","社会OS, 宗教OS"
"P-057","アンリ・ベルクソン","純粋持続、エランヴィタール","哲学OS, 心理OS"
"P-058","ジョージ・バークリー","存在するとは知覚されること","哲学OS, 宗教OS"
"P-059","アイザイア・バーリン","消極的自由と積極的自由","政治OS, 哲学OS"
"P-060","ルートヴィッヒ・フォン・ベルタランフィ","一般システム理論","科学方法OS, 哲学OS"
"P-061","ホミ・Ｋ・バーバ","擬態、ハイブリディティ","社会OS, 哲学OS"
"P-062","ウィリアム・ブラックストーン","イギリス法釈義","法OS"
"P-063","エルンスト・ブロッホ","希望の原理、ユートピア機能","哲学OS, 政治OS"
"P-064","ハンス・ブルーメンベルク","メタファー、近代の正当性","哲学OS"
"P-065","フランツ・ボアズ","文化相対主義、歴史的特殊主義","社会OS, 科学方法OS"
"P-066","ジャン・ボダン","国家論、主権","政治OS, 法OS"
"P-067","ボエティウス","哲学の慰め、運命の輪","哲学OS, 宗教OS"
"P-068","デヴィッド・ボーム","暗黙順序、量子ポテンシャル","科学方法OS, 哲学OS"
"P-069","ニールス・ボーア","相補性原理、コペンハーゲン解釈","科学方法OS, 哲学OS"
"P-070","ボナヴェントゥラ","神への魂の旅程、神秘主義神学","宗教OS, 哲学OS"
"P-071","ジョージ・ブール","ブール代数、思考の法則","技術OS, 数学OS, 哲学OS"
"P-072","ニック・ボストロム","シミュレーション仮説、超知能","科学方法OS, 哲学OS, 技術OS"
"P-073","ピエール・ブルデュー","ハビトゥス、文化資本","社会OS, 教育OS, 政治OS"
"P-074","ロージ・ブライドッティ","ノマド的主体、ポストヒューマン","哲学OS, 技術OS"
"P-075","ロバート・ブランダム","推論主義、明示化","哲学OS"
"P-076","レイ・ブラシエ","解き放たれた無、ニヒリズム","哲学OS"
"P-077","ジョルダーノ・ブルーノ","宇宙の無限性、汎神論","哲学OS"
"P-078","マルティン・ブーバー","我と汝、対話的原理","哲学OS"
"P-079","ゴータマ・ブッダ","縁起、四諦","哲学OS, 宗教OS"
"P-080","ジャン・ビュリダン","ビュリダンのロバ、インペトゥス理論","哲学OS"
"P-081","エドマンド・バーク","保守主義の父、フランス革命の省察","政治OS"
"P-082","ジュディス・バトラー","ジェンダー・パフォーマティビティ","社会OS"
"P-083","ミシェル・カロン","翻訳の社会学、アクターネットワーク理論","社会OS, 経済OS"
"P-084","アルベール・カミュ","不条理、シーシュポスの神話","哲学OS"
"P-085","ジョルジュ・カンギレム","正常と病理、科学認識論","哲学OS, 科学OS"
"P-086","ゲオルク・カントール","集合論、無限の濃度","数学OS, 哲学OS"
"P-087","ルドルフ・カルナップ","論理実証主義、言語枠組み","哲学OS"
"P-088","カルネアデス","確率的懐疑主義、カルネアデスの板","哲学OS"
"P-089","レイチェル・カーソン","沈黙の春、環境思想","哲学OS, 科学OS"
"P-090","エルンスト・カッシーラー","シンボル形式の哲学、象徴的動物","哲学OS"
"P-091","コルネリュウス・カストリアディス","社会的なものの想像的制度、自律","社会OS, 政治OS"
"P-092","スタンリー・カヴェル","日常言語学派、承認の哲学","言語OS, 哲学OS"
"P-093","マーガレット・キャヴェンディッシュ","自然哲学、唐物論的生気論","哲学OS, 科学OS"
"P-094","エメ・セゼール","ネグリチュード、植民地主義論","政治OS, 社会OS"
"P-095","ディペッシュ・チャクラバルティ","ヨーロッパの地方化、歴史の複数性","哲学OS, 政治OS"
"P-096","デイヴィッド・チャーマーズ","ハードプロブレム、哲学的ゾンビ","哲学OS"
"P-097","ノーム・チョムスキー","生成文法、普遍文法","言語OS, 政治OS"
"P-098","クリュシッポス","ストア派論理学の完成","哲学OS"
"P-099","アロンゾ・チャーチ","ラムダ計算","数学OS, 科学OS"
"P-100","パトリシア・チャーチランド","神経哲学","哲学OS, 科学OS"
"P-101","キケロ","義務について、折衷主義","倫理OS"
"P-102","エミール・シオラン","生誕の災厄、ペシミズム","哲学OS"
"P-103","エレーヌ・シクスー","エクリチュール、フェミニン","哲学OS"
"P-104","アンディ・クラーク","拡張された心","哲学OS"
"P-105","カール・フォン・クラウゼヴィッツ","戦争論、摩擦","政治OS"
"P-106","ロナルド・コース","取引費用、コースの定理","哲学OS"
"P-107","パトリシア・ヒル・コリンズ","黒人フェミニズム、抑圧のマトリックス","哲学OS"
"P-108","オーギュスト・コント","実証主義、社会学の父","社会OS"
"P-109","ニコラ・ド・コンドルセ","人間精神進歩の歴史","心理OS"
"P-110","孔子","仁、礼","倫理OS"
"P-111","アン・コンウェイ","スピリチュアリズム的自然哲学","哲学OS"
"P-112","コペルニクス","地動説、コペルニクス的転回","科学方法OS"
"P-113","キンバリー・クレンショー","交差性","哲学OS"
"P-114","ニコラウス・クザーヌス","知ある無知、対立の一致","哲学OS"
"P-115","アントニオ・ダマシオ","デカルトの誤り、ソマティックマーカー","哲学OS"
"P-116","チャールズ・ダーウィン","進化論、自然選択","科学方法OS"
"P-117","ドナルド・デイヴィドソン","根源的解釈、変則的一元論","言語OS"
"P-118","アンジェラ・デイヴィス","監獄産業複合体批判、ブラック","社会OS"
"P-119","リチャード・ドーキンス","利己的遺伝子、ミーム","科学方法OS"
"P-120","ギー・ドゥボール","スペクタクルの社会","社会OS"
"P-121","マニュエル・デランダ","アセンブリッジ理論、非線形史","科学方法OS"
"P-122","ジル・ドゥルーズ","リゾーム、差異と反復","哲学OS"
"P-123","デモクリトス","原子論","哲学OS"
"P-124","ダニエル・デネット","志向姿勢、解明される意識","哲学OS"
"P-125","ジャック・デリダ","脱構築、差延","言語OS"
"P-126","ルネ・デカルト","方法的懐疑、コギト","哲学OS"
"P-127","ジョン・デューイ","道具主義、民主主義と教育","政治OS"
"P-128","ダルマキールティ（法称）","仏教論理学、認識論の完成","宗教OS"
"P-129","ドゥニ・ディドロ","百科全書、ラモーの甥","哲学OS"
"P-130","ディグナーガ（陳那）","新因明の祖","宗教OS"
"P-131","ウィルヘルム・ディルタイ","精神科学と自然科学の区別","科学方法OS"
"P-132","ディオゲネス","樽の中の生活、世界市民","哲学OS"
"P-133","道元","只管打坐、正法眼蔵","哲学OS"
"P-134","メアリー・ダグラス","汚穢と禁忌","哲学OS"
"P-135","ヒューバート・ドレイファス","AI批判、熟達の現象学","哲学OS"
"P-136","W.E.B.デュボイス","二重意識、カラーライン","哲学OS"
"P-137","エミリー・デュ・シャトレ","ニュートン物理学、エネルギー保存概念","科学方法OS"
"P-138","マイケル・ダメット","反実在論、意味論の哲学","哲学OS"
"P-139","ドゥンス・スコトゥス","存在の一義性、個体化","哲学OS"
"P-140","エミール・デュルケーム","社会的事実、アノミー","社会OS"
"P-141","エンリケ・ドゥッセル","解放の哲学、トランスモダニティ","哲学OS"
"P-142","ロナルド・ドゥオーキン","法の帝国、権利論","法OS"
"P-143","テリー・イーグルトン","文学とは何か、イデオロギー","哲学OS"
"P-144","マイスター・エックハルト","神との合一、離脱","宗教OS"
"P-145","アルベルト・アインシュタイン","相対性理論、時空の構造変革","科学方法OS"
"P-146","栄西","興禅護国論、臨済宗","宗教OS"
"P-147","ミルチャ・エリアーデ","聖と俗、永遠回帰の神話","宗教OS"
"P-148","ノルベルト・エリアス","文明化の過程","哲学OS"
"P-149","ジャック・エリュール","技術社会","技術OS"
"P-150","ラルフ・W・エマソン","自己信頼、超絶主義","哲学OS"
"P-151","エンペドクレス","四大元素説、愛と憎しみ","哲学OS"
"P-152","フリードリヒ・エンゲルス","唯物論、家族の起源","哲学OS"
"P-153","エピクテトス","語録、権内","哲学OS"
"P-154","エピクロス","アタラクシア、原子論","哲学OS"
"P-155","エラスムス","人文主義、自由意志論","哲学OS"
"P-156","エリク・エリクソン","アイデンティティ、ライフサイクル","哲学OS"
"P-157","ロベルト・エスポジト","インムニタス、共同体","社会OS"
"P-158","ユークリッド","幾何学原本、公理的思考","科学方法OS"
"P-159","レオンハルト・オイラー","解析学、表記法","法OS"
"P-160","ギャレス・エヴァンズ","参照、非概念的内容","哲学OS"
"P-161","フランツ・ファノン","黒い皮膚 白い仮面、脱植民地化","社会OS"
"P-162","マイケル・ファラデー","電磁場理論、電磁誘導","科学方法OS"
"P-163","ルートヴィヒ・フォイエルバッハ","人間学的唯物論","哲学OS"
"P-164","ポール・ファイヤアーベント","方法への挑戦、アナーキズム","哲学OS"
"P-165","リチャード・ファインマン","経路積分、科学の誠実さ","科学方法OS"
"P-166","ヨハン・ゴットリープ・フィヒテ","自我、知識学","哲学OS"
"P-167","マルシリオ・フィチーノ","プラトン神学、魂の不死","宗教OS"
"P-168","ジョン・フィンニス","自然法の現代的展開","哲学OS"
"P-169","マーク・フィッシャー","資本主義リアリズム","社会OS"
"P-170","ルチアーノ・フロリディ","情報の哲学","哲学OS"
"P-171","ヴィレム・フルッサー","テクノコード、写真の哲学","哲学OS"
"P-172","ジェリー・フォーダー","思考の言語、心のモジュール性","言語OS"
"P-173","フィリッパ・フット","トロッコ問題、徳倫理学","倫理OS"
"P-174","ミシェル・フーコー","生権力、パノプティコン","哲学OS"
"P-175","ヴィクトール・フランクル","夜と霧、意味への意志","哲学OS"
"P-176","ナンシー・フレイザー","正義の三次元モデル","倫理OS"
"P-177","ジョージ・フレイザー","金枝篇、呪術から宗教へ","宗教OS"
"P-178","ゴットロープ・フレーゲ","意義と意味、概念記法","言語OS"
"P-179","パウロ・フレイレ","被抑圧者の教育学、意識化","社会OS"
"P-180","ジークムント・フロイト","精神分析、無意識の発見","心理OS"
"P-181","ミルトン・フリードマン","マネタリズム、自由市場経済","社会OS"
"P-182","エーリッヒ・フロム","自由からの逃走、愛するということ","倫理OS"
"P-183","フランシス・フクヤマ","歴史の終わり、信頼","哲学OS"
"P-184","福沢諭吉","文明論之概略、独立自尊","社会OS"
"P-185","ハンス・ゲオルク・ガダマー","地平の融合、哲学的解釈学","言語OS"
"P-186","ジョン・ケネス・ガルブレイス","ゆたかな社会、依存効果","技術OS"
"P-187","ガレノス","科学的医学、生理学の集大成","科学方法OS"
"P-188","ガリレオ・ガリレイ","数学的自然観、地動説","科学方法OS"
"P-189","ガンディー（マハトマ）","サティヤーグラハ、非暴力","倫理OS"
"P-190","ハロルド・ガーフィンケル","エスノメソドロジー、説明責任","倫理OS"
"P-191","カール・フリードリヒ・ガウス","近代数学の巨人、数論","科学方法OS"
"P-192","クリフォード・ギアツ","厚い記述","社会OS"
"P-193","アーノルト・ゲーレン","人間＝欠陥存在","哲学OS"
"P-194","アーネスト・ゲルナー","民族とナショナリズム","哲学OS"
"P-195","ゲルソニデス","ユダヤ教合理主義、天文学","科学方法OS"
"P-196","J.J.ギブソン","アフォーダンス、直接知覚","哲学OS"
"P-197","アンソニー・ギデンズ","構造化理論、第三の道","哲学OS"
"P-198","ルネ・ジラール","模倣の欲望、スケープゴート","哲学OS"
"P-199","エドゥアール・グリッサン","関係の詩学、クレオール化","哲学OS"
"P-200","クルト・ゲーデル","不完全性定理","科学方法OS"
"P-201","ウィリアム・ゴドウィン","政治的正義、哲学的アナキズム","倫理OS"
"P-202","ゲーテ","色彩論、形態学","科学方法OS"
"P-203","アーヴィング・ゴフマン","行為と演技、スティグマ","哲学OS"
"P-204","ネルソン・グッドマン","世界制作、グルーのパラドックス","哲学OS"
"P-205","ゴルギアス","不可知論、ニヒリズム","哲学OS"
"P-206","スティーヴン・ジェイ・グールド","断続平衡説、進化の構造","科学方法OS"
"P-207","アントニオ・グラムシ","ヘゲモニー論、有機的知識人","哲学OS"
"P-208","イアン・ハミルトン・グラント","自然哲学の復権","哲学OS"
"P-209","ポール・グライス","協調の原理、会話の含意","哲学OS"
"P-210","ナジアンゾスのグレゴリオス","神学における聖霊の位格","宗教OS"
"P-211","ニュッサのグレゴリオス","無限としての神、神秘主義神学","宗教OS"
"P-212","フーゴー・グロティウス","国際法の父、戦争と平和の法","法OS"
"P-213","ボリス・グロイス","アートパワー、全体芸術","哲学OS"
"P-214","フェリックス・ガタリ","分裂分析、千のプラトー","哲学OS"
"P-215","ヨハネス・グーテンベルク","活版印刷、情報の複製革命","技術OS"
"P-216","ユルゲン・ハーバーマス","コミュニケーション的行為、公共性","哲学OS"
"P-217","イアン・ハッキング","作り上げられる人々","哲学OS"
"P-218","白隠慧鶴","禅の再興、隻手音声","宗教OS"
"P-219","エドワード・T・ホール","プロクセミックス","哲学OS"
"P-220","スチュアート・ホール","カルチュラル、スタディーズ","哲学OS"
"P-221","アレクサンダー・ハミルトン","連邦主義、ザ・フェデラリスト","哲学OS"
"P-222","ビョンチョル・ハン","疲労社会、透明社会","社会OS"
"P-223","韓非子","法家、厳罰主義","法OS"
"P-224","ノーウッド・R・ハンソン","観察の理論負荷性","科学方法OS"
"P-225","ユヴァル・ノア・ハラリ","データ主義、サピエンス全史","技術OS"
"P-226","ダナ・ハラウェイ","サイボーグ宣言、伴侶種","哲学OS"
"P-227","グレアム・ハーマン","オブジェクト指向存在論","哲学OS"
"P-228","ハーバート・ハート","法","法OS"
"P-229","マイケル・ハート","帝国、マルチチュード","哲学OS"
"P-230","フリードリヒ・ハイエク","隷属への道、自生的秩序","哲学OS"
"P-231","N・キャサリン・ヘイルズ","ポストヒューマンの条件","哲学OS"
"P-232","ゲオルク・W・F・ヘーゲル","弁証法、精神現象学","哲学OS"
"P-233","マルティン・ハイデガー","現存在、存在と時間","哲学OS"
"P-234","ヴェルナー・ハイゼンベルク","不確定性原理、部分と全体","哲学OS"
"P-235","カール・ヘンペル","科学的説明の演繹的モデル","科学方法OS"
"P-236","エルヴェシウス","精神論、功利主義","倫理OS"
"P-237","ヘラクレイトス","万物は流転する、ロゴス","哲学OS"
"P-238","ヘルダー","国民精神、文化の多様性","社会OS"
"P-239","ダフィット・ヒルベルト","ヒルベルト・プログラム、形式主義","技術OS"
"P-240","ヤーッコ・ヒンティッカ","可能世界意味論、様相論理","哲学OS"
"P-241","トーマス・ホッブズ","リヴァイアサン、万人の闘争","哲学OS"
"P-242","エリック・ホッファー","真の信者、大衆運動の心理","政治OS"
"P-243","ダグラス・ホフスタッター","ゲーデル エッシャー バッハ","技術OS"
"P-244","アクセル・ホネット","承認闘争","哲学OS"
"P-245","法然","専修念仏、浄土宗","宗教OS"
"P-246","ベル・フックス","交差性フェミニズム、抑圧への抵抗教育","社会OS"
"P-247","マックス・ホルクハイマー","批判理論、道具的理性","哲学OS"
"P-248","ユク・ホイ","宇宙技芸、再帰的近代","哲学OS"
"P-249","ヨハン・ホイジンガ","ホモ、ルーデンス","哲学OS"
"P-250","デイヴィッド・ヒューム","経験論、因果性の懐疑","哲学OS"
"P-251","エドムント・フッサール","現象学、エポケー","哲学OS"
"P-252","ヒュパティア","新プラトン主義数学","科学方法OS"
"P-253","イアンブリコス","テウルギア","哲学OS"
"P-254","イブン・アル＝ハイサム","実験的方法、光学の父","宗教OS"
"P-255","イブン・アラビー","存在一性論","哲学OS"
"P-256","イブン・バッジャ","孤独者の導き","宗教OS"
"P-257","イブン・ハズム","鳩の首飾り、ザヒル派","哲学OS"
"P-258","イブン・ハルドゥーン","歴史序説、アサビーヤ","哲学OS"
"P-259","イブン・タイミーヤ","原理主義、シャリーアの厳格な適用","宗教OS"
"P-260","イブン・トゥファイル","哲学的ロビンソン物語","哲学OS"
"P-261","ドン・アイディー","技術哲学、人間と技術の関係","技術OS"
"P-262","イヴァン・イリイチ","脱学校化社会、コンヴィヴィアリティ","社会OS"
"P-263","ティム・インゴルド","制作の人類学","社会OS"
"P-264","リュス・イリガライ","性的差異、検鏡","哲学OS"
"P-265","石田梅岩","石門心学、都鄙問答","倫理OS"
"P-266","伊藤仁斎","古義学、童子問","技術OS"
"P-267","井筒俊彦","意識と本質、意味論","哲学OS"
"P-268","ヤーコビ","理性批判、信仰の優位","哲学OS"
"P-269","ウィリアム・ジェームズ","プラグマティズム、意識の流れ","哲学OS"
"P-270","フレドリック・ジェイムソン","政治的無意識、ポストモダニズム","政治OS"
"P-271","カール・ヤスパース","限界状況、超越者","哲学OS"
"P-272","ハンス・ヨナス","責任という原理","倫理OS"
"P-273","ユダ・ハレヴィ","クザーリ、ユダヤ教思想","宗教OS"
"P-274","カール・ユング","集合的無意識、元型","哲学OS"
"P-275","ダニエル・カーネマン","ファスト＆スロー、行動経済学","社会OS"
"P-276","イマヌエル・カント","コペルニクス的転回、定言命法","哲学OS"
"P-277","デイヴィッド・カプラン","直接参照、指標詞","哲学OS"
"P-278","柄谷行人","トランスクリティーク、交換様式","哲学OS"
"P-279","ハンス・ケルゼン","純粋法学、根本規範","哲学OS"
"P-280","ヨハネス・ケプラー","天体運行の法則、楕円軌道","科学方法OS"
"P-281","ジョン・メイナード・ケインズ","一般理論、確率論","科学方法OS"
"P-282","アブデルカビル・ハティビ","両言語主義、他なる思考","言語OS"
"P-283","セーレン・キルケゴール","実存の三段階、単独者","哲学OS"
"P-284","北一輝","日本改造法案大綱、超国家主義","政治OS"
"P-285","フリードリヒ・キットラー","記録システム、メディアの物質性","哲学OS"
"P-286","メラニー・クライン","対象関係論、妄想分裂ポジション","心理OS"
"P-287","アンドレイ・コルモゴロフ","確率論の公理化、複雑性","科学方法OS"
"P-288","クリスティーヌ・コースガード","規範性の源泉","倫理OS"
"P-289","アレクサンドル・コイレ","閉じた世界から無限の宇宙へ","哲学OS"
"P-290","ジュリア・クリステヴァ","アブジェクシオン","哲学OS"
"P-291","ソール・クリプキ","名指しと必然性、固定指示子","哲学OS"
"P-292","ピョートル・クロポトキン","相互扶助論、アナキズム","哲学OS"
"P-293","空海","真言密教、即身成仏","宗教OS"
"P-294","トーマス・クーン","パラダイムシフト","科学方法OS"
"P-295","九鬼周造","いきの構造、偶然性の問題","哲学OS"
"P-296","ジャック・ラカン","鏡像段階、対象a","哲学OS"
"P-297","エルネスト・ラクラウ","ヘゲモニーと社会主義の戦略","社会OS"
"P-298","イムレ・ラカトシュ","リサーチ、プログラム","技術OS"
"P-299","ニック・ランド","暗黒啓蒙、加速主義","哲学OS"
"P-300","老子","道徳経、無為自然","倫理OS"
"P-301","ブルーノ・ラトゥール","アクターネットワーク理論","技術OS"
"P-302","アントワーヌ・ラヴォアジエ","質量保存の法則、現代化学の父","科学方法OS"
"P-303","ギュスターヴ・ル・ボン","群衆心理","心理OS"
"P-304","ゴットフリート・ライプニッツ","モナドロジー、予定調和","哲学OS"
"P-305","ウラジーミル・レーニン","帝国主義論、前衛党","哲学OS"
"P-306","アルド・レオポルド","土地倫理","倫理OS"
"P-307","エマニュエル・レヴィナス","他者の顔、無限の責任","倫理OS"
"P-308","クロード・レヴィ＝ストロース","構造主義、野生の思考","言語OS"
"P-309","デイヴィッド・ルイス","様相実在論、可能世界","哲学OS"
"P-310","アルフォンソ・リンギス","何も共有していない者たちの共同体","社会OS"
"P-311","カール・リンネ","二名法、分類学","法OS"
"P-312","フリードリヒ・リスト","国民経済学、保護貿易","社会OS"
"P-313","ジョン・ロック","タブラ・ラサ、統治二論","政治OS"
"P-314","オードリー・ロード","差異の肯定、沈黙の政治性","政治OS"
"P-315","コンラート・ローレンツ","刷り込み、攻撃性","哲学OS"
"P-316","エイダ・ラブレス","最初のプログラマー、詩的科学","科学方法OS"
"P-317","ジェームズ・ラブロック","ガイア理論","科学方法OS"
"P-318","トーマス・ルックマン","現実の社会的構成、見えない宗教","宗教OS"
"P-319","ニクラス・ルーマン","社会システム理論、オートポイエーシス","社会OS"
"P-320","ローザ・ルクセンブルク","社会改良か革命か","政治OS"
"P-321","ジャン＝フランソワ・リオタール","ポストモダンの条件","哲学OS"
"P-322","エルンスト・マッハ","感覚の分析、思考の経済","社会OS"
"P-323","ニッコロ・マキャヴェッリ","君主論、マキャベリズム","哲学OS"
"P-324","アラスデア・マッキンタイア","美徳なき時代、徳倫理","倫理OS"
"P-325","J.L.マッキー","道徳の主観性、誤謬論","倫理OS"
"P-326","マドヴァ","二元論、ヴィシュヌ派","宗教OS"
"P-327","モーゼス・マイモニデス","迷える人々の手引き","技術OS"
"P-328","カトリーヌ・マラブー","可塑性","哲学OS"
"P-329","ニコラ・マルブランシュ","機会原因論","哲学OS"
"P-330","ブロニスワフ・マリノフスキ","機能主義人類学","社会OS"
"P-331","トマス・マルサス","人口論","哲学OS"
"P-332","ベノワ・マンデルブロ","フラクタル、自己相似性","科学方法OS"
"P-333","カール・マンハイム","知識社会学、イデオロギーとユートピア","社会OS"
"P-334","毛沢東","矛盾論、実践論","哲学OS"
"P-335","ガブリエル・マルセル","キリスト教実存主義、身体論","宗教OS"
"P-336","ルース・バーカーン・マーカス","様相論理の公理、直接参照","哲学OS"
"P-337","ハーバート・マルクーゼ","一次元的人間","哲学OS"
"P-338","マルクス・アウレリウス","自省録、後期ストア派","哲学OS"
"P-339","リン・マーギュリス","共生説","科学方法OS"
"P-340","ホセ・カルロス・マリアテギ","独創的マルクス主義","哲学OS"
"P-341","ジャン＝リュック・マリオン","所与性、飽和した現象","哲学OS"
"P-342","パドヴァのマルシリウス","平和の擁護者、政教分離","哲学OS"
"P-343","カール・マルクス","唯物史観、資本論","社会OS"
"P-344","アブラハム・マズロー","自己実現理論、欲求段階説","科学方法OS"
"P-345","マルセル・モース","贈与論、全体的社会事象","社会OS"
"P-346","ジェームズ・クラーク・マクスウェル","電磁気学の統合、場","科学方法OS"
"P-347","告白者マクシモス","両意説、宇宙的キリスト論","宗教OS"
"P-348","アキレ・ムベンベ","ネクロポリティクス","哲学OS"
"P-349","ジョン・マッカーシー","AIの定義、LISP","技術OS"
"P-350","ジョン・マクダウェル","心と世界、概念主義","哲学OS"
"P-351","マーシャル・マクルーハン","メディアはメッセージ","哲学OS"
"P-352","ジョージ・ハーバート・ミード","自我の社会発生","社会OS"
"P-353","マーガレット・ミード","サモアの思春期、性役割","社会OS"
"P-354","クァンタン・メイヤスー","思弁的実在論、祖先以前性","哲学OS"
"P-355","孟子","性善説、四端","倫理OS"
"P-356","ドミトリ・メンデレーエフ","周期表、元素","科学方法OS"
"P-357","モーリス・メルロ＝ポンティ","身体図式、知覚の現象学","哲学OS"
"P-358","ロバート・K・マートン","中範囲、自己充足的予言","社会OS"
"P-359","ロベルト・ミヒェルス","寡頭制の鉄則","社会OS"
"P-360","メアリー・ミッジリー","ガイア論擁護、動物と人間","哲学OS"
"P-361","ジョン・スチュアート・ミル","自由論、功利主義","倫理OS"
"P-362","ハリエット・テイラー・ミル","女性の参政権、共同制作","哲学OS"
"P-363","C・ライト・ミルズ","社会学的想像力、パワー・エリート","社会OS"
"P-364","南方熊楠","十二支考、粘菌","哲学OS"
"P-365","マーヴィン・ミンスキー","フレーム理論、心の社会","社会OS"
"P-366","ジャック・モノー","偶然と必然、分子生物学","科学方法OS"
"P-367","ミシェル・ド・モンテーニュ","エセー、ク・セ・ジュ","技術OS"
"P-368","モンテスキュー","法の精神、三権分立","心理OS"
"P-369","G.E.ムーア","自然主義的誤謬、常識","哲学OS"
"P-370","トマス・モア","ユートピア","哲学OS"
"P-371","ティモシー・モートン","ダークエコロジー","哲学OS"
"P-372","ガエターノ・モスカ","支配階級論","社会OS"
"P-373","本居宣長","もののあはれ、古事記伝","哲学OS"
"P-374","墨子","兼愛、非攻","倫理OS"
"P-375","ムッラー・サドラー","超越的英知学、存在の変容","哲学OS"
"P-376","アルネ・ネス","ディープ、エコロジー","哲学OS"
"P-377","竜樹（ナーガールジュナ）","空の論理、中論","哲学OS"
"P-378","トマス・ネーゲル","コウモリ","哲学OS"
"P-379","ジャン＝リュック・ナンシー","無為の共同体","社会OS"
"P-380","ジョン・ナッシュ","ナッシュ均衡、ゲーム理論","科学方法OS"
"P-381","アントニオ・ネグリ","マルチチュード、構成的権力","政治OS"
"P-382","ジョン・フォン・ノイマン","ゲーム理論、オートマトン","科学方法OS"
"P-383","アレン・ニューウェル","物理シンボルシステム、GPS","科学方法OS"
"P-384","アイザック・ニュートン","プリンキピア、絶対時間","哲学OS"
"P-385","日蓮","立正安国論、法華経絶対","宗教OS"
"P-386","フリードリヒ・ニーチェ","永劫回帰、超人","哲学OS"
"P-387","二宮尊徳","報徳思想、勤労と経済","倫理OS"
"P-388","西田幾多郎","善の研究、場所の論理","哲学OS"
"P-389","西谷啓治","虚無と空、宗教とは何か","宗教OS"
"P-390","ダグラス・ノース","新制度派経済学、制度的変化","社会OS"
"P-391","ロバート・ノージック","リバタリアニズム、最小国家","政治OS"
"P-392","マーサ・ヌスバウム","ケイパビリティ、感情の知性","哲学OS"
"P-393","マイケル・オークショット","政治における合理主義批判","政治OS"
"P-394","ウィリアム・オブ・オッカム","オッカムの剃刀、唯名論","哲学OS"
"P-395","荻生徂徠","弁道、古文辞学","技術OS"
"P-396","岡倉天心","東洋の理想、茶の本","哲学OS"
"P-397","フランツ・オッペンハイマー","国家論、政治特手段と経済的手段","政治OS"
"P-398","ニコル・オレーム","座標幾何学、天体運動論","哲学OS"
"P-399","オリゲネス","普遍救済説、アレクサンドリア学派","宗教OS"
"P-400","折口信夫","古代研究、マレビト論","哲学OS"
"P-401","エリノア・オストロム","コモンズの統治、公共資源管理","政治OS"
"P-402","ロバート・オーウェン","性格形成論、ニューラナーク","哲学OS"
"P-403","トマス・ペイン","コモン・センス、人権","倫理OS"
"P-404","パーニニ","サンスクリット文法、形式言語の祖","言語OS"
"P-405","ヴィルフレド・パレート","エリートの周流、パレート最適","社会OS"
"P-406","デレク・パーフィット","理由と人格、非同一性問題","哲学OS"
"P-407","パルメニデス","あるものはある、一者","哲学OS"
"P-408","タルコット・パーソンズ","構造機能主義、社会システム","社会OS"
"P-409","ブレーズ・パスカル","パンセ、考える葦","技術OS"
"P-410","パタンジャリ","ヨーガ・スートラ、八支則","哲学OS"
"P-411","ヤン・パトチカ","異端の試み、魂の配慮","哲学OS"
"P-412","イワン・パブロフ","条件反射","心理OS"
"P-413","ジュゼッペ・ペアノ","ペアノの公理、形式言語","言語OS"
"P-414","チャールズ・サンダース・パース","アブダクション、記号論の祖","言語OS"
"P-415","フィロン","ロゴス論","哲学OS"
"P-416","ジャン・ピアジェ","発生的認識論、認知発達","心理OS"
"P-417","ピコ・デラ・ミランドラ","人間の尊厳について","哲学OS"
"P-418","アルヴィン・プランティンガ","改革派認識論、自由意志による弁護","哲学OS"
"P-419","プラトン","イデア論、哲人王","哲学OS"
"P-420","プロティノス","流出説、一者","哲学OS"
"P-421","アンリ・ポアンカレ","規約主義、カオス理論の萌芽","科学方法OS"
"P-422","カール・ポランニー","大転換、埋め込み","哲学OS"
"P-423","マイケル・ポランニー","暗黙知の次元","哲学OS"
"P-424","カール・ポパー","反証可能性、開かれた社会","科学方法OS"
"P-425","ポルピュリオス","イサゴーゲー","哲学OS"
"P-426","プロクルス","新プラトン主義","哲学OS"
"P-427","プロタゴラス","人間尺度論","哲学OS"
"P-428","プルードン","所有とは盗み","哲学OS"
"P-429","偽ディオニュシオス","否定神学、天上位階論","宗教OS"
"P-430","サミュエル・プーフェンドルフ","自然法と万民法","法OS"
"P-431","ヒラリー・パトナム","水槽の脳、内在的実在論","哲学OS"
"P-432","ピュロン","懐疑主義の祖、アタラクシア","哲学OS"
"P-433","ピタゴラス","万物は数なり","哲学OS"
"P-434","アドルフ・ケトレー","社会物理学、平均人","科学方法OS"
"P-435","アニバル・キハーノ","権力の植民地性","政治OS"
"P-436","W.V.O.クワイン","ホーリズム、翻訳の不確定性","哲学OS"
"P-437","ラーマーヌジャ","制限不二一元論、バクティ","哲学OS"
"P-438","ラモン・リュイ","結合術、計算機械","技術OS"
"P-439","フランク・ラムゼイ","真理の冗長説、確率の主観説","哲学OS"
"P-440","ジャック・ランシエール","無知な教師、感性的なものの分有","哲学OS"
"P-441","ジョン・ロールズ","正義論、無知のヴェール","倫理OS"
"P-442","トム・レーガン","動物の権利","法OS"
"P-443","トマス・リード","常識の哲学","哲学OS"
"P-444","デイヴィッド・リカード","比較優位説、労働価値説","社会OS"
"P-445","ポール・リクール","解釈の葛藤、物語的自己同一性","言語OS"
"P-446","カール・ロジャーズ","来談者中心療法、受容と共感","心理OS"
"P-447","リチャード・ローティ","哲学と自然の鏡、アイロニー","哲学OS"
"P-448","W.D.ロス","顕示的義務","倫理OS"
"P-449","マレー・ロスバード","アナルコ、キャピタリズム","哲学OS"
"P-450","ジャン＝ジャック・ルソー","社会契約説、一般意志","政治OS"
"P-451","バートランド・ラッセル","論理的原子論、記述","哲学OS"
"P-452","ギルバート・ライル","機械の中の幽霊、カテゴリーミステイク","技術OS"
"P-453","最澄","山家学生式、一切衆生悉有仏性","宗教OS"
"P-454","エドワード・サイード","オリエンタリズム","技術OS"
"P-455","アンリ・ド・サン＝シモン","産業者の教理問答","技術OS"
"P-456","マイケル・サンデル","コミュニタリアリズム、実力も運のうち","哲学OS"
"P-457","ジョージ・サンタヤーナ","動物的信仰、美の感覚","哲学OS"
"P-458","エドワード・サピア","言語相対性仮説、文化人類学","社会OS"
"P-459","ジャン＝ポール・サルトル","実存は本質に先立つ","哲学OS"
"P-460","フェルディナンド・ド・ソシュール","シニフィアン、シニフィエ","言語OS"
"P-461","トマス・スキャンロン","契約主義、拒否","法OS"
"P-462","マックス・シェーラー","価値の倫理学、人間学","倫理OS"
"P-463","フリードリヒ・シェリング","自然哲学、同一哲学","哲学OS"
"P-464","シラー","美育、人間形成論","哲学OS"
"P-465","シュライアマハー","哲学的解釈学、近代神学の父","宗教OS"
"P-466","カール・シュミット","友と敵、例外状態","哲学OS"
"P-467","アルトゥル・ショーペンハウアー","生への盲目的な意志","哲学OS"
"P-468","エルヴィン・シュレーディンガー","生命とは何か","科学方法OS"
"P-469","ヨーゼフ・シュンペーター","創造的破壊","社会OS"
"P-470","アルフレッド・シュッツ","現象学的社会学、生活世界","社会OS"
"P-471","ジョン・サール","中国語の部屋、社会制度の構築","社会OS"
"P-472","ウィルフリド・セラーズ","所与の神話、心理学的唯名論","心理OS"
"P-473","アマルティア・セン","正義のアイデア、ケイパビリティ","倫理OS"
"P-474","セネカ","人生の短さについて、不動心","哲学OS"
"P-475","ミシェル・セール","準静的、ヘルメス","哲学OS"
"P-476","セクストス・エンペイリコス","判断保留、懐疑主義","哲学OS"
"P-477","シャンカラ","不二一元論","哲学OS"
"P-478","クロード・シャノン","情報理論、ビット","技術OS"
"P-479","親鸞","他力本願、悪人正機","宗教OS"
"P-480","ヘンリー・シジウィック","功利主義、倫理学の諸手法","倫理OS"
"P-481","ゲオルク・ジンメル","形式社会学、貨幣の哲学","社会OS"
"P-482","ハーバート・サイモン","限定合理性、人工知能","技術OS"
"P-483","ギルバート・シモンドン","個体化の哲学、技術的対象","技術OS"
"P-484","ピーター・シンガー","動物の解放、効果的利他主義","哲学OS"
"P-485","B.F.スキナー","行動主義、オペラント条件づけ","心理OS"
"P-486","ピーター・スローターダイク","球体の哲学、冷笑的理性","哲学OS"
"P-487","アダム・スミス","道徳感情論、見えざる手","倫理OS"
"P-488","ソクラテス","無知の知、問答法","法OS"
"P-489","ジョルジュ・ソレル","暴力論、神話の力","宗教OS"
"P-490","ピティリム・ソローキン","社会文化的動学、感覚的文化","社会OS"
"P-491","アーネスト・ソーサ","徳認識論、能力による真理","哲学OS"
"P-492","ハーバート・スペンサー","社会進化論","科学方法OS"
"P-493","バールーフ・デ・スピノザ","汎神論、永遠の相","宗教OS"
"P-494","ガヤトリ・スピヴァク","サバルタンは語ることが","哲学OS"
"P-495","ニック・スルニチェク","プラットフォーム資本主義、加速主義","社会OS"
"P-496","ロバート・スタルネイカー","可能世界、文脈と命題","哲学OS"
"P-497","エディット・シュタイン","共感の現象学、神秘思想","宗教OS"
"P-498","ジョージ・スタイナー","言語と沈黙","言語OS"
"P-499","ベルナール・スティグレール","技術と時間、エピフィラジー","技術OS"
"P-500","マックス・シュティルナー","唯一者とその所有、エゴイズム","哲学OS"
"P-501","P.F.ストローソン","記述的形而上学、個体","哲学OS"
"P-502","レオ・シュトラウス","自然権と歴史、隠された技法","哲学OS"
"P-503","フランシスコ・スアレス","形而上学論議、近代自然法","哲学OS"
"P-504","スフラワルディー","照明哲学","哲学OS"
"P-505","孫子","戦争の知略、兵法","政治OS"
"P-506","孫文","三民主義","政治OS"
"P-507","鈴木大拙","日本的霊性、禅の研究","宗教OS"
"P-508","タゴール","人間の宗教、ナショナリズム批判","宗教OS"
"P-509","田辺元","種の論理、懺悔道","哲学OS"
"P-510","ガブリエル・タルド","模倣の法則","哲学OS"
"P-511","アルフレッド・タールスキ","真理定義","哲学OS"
"P-512","チャールズ・テイラー","承認の政治、世俗の時代","政治OS"
"P-513","テイヤール・ド・シャルダン","オメガ点、精神圏","宗教OS"
"P-514","テルトゥリアヌス","不条理ゆえに我信ず、三位一体の用語化","哲学OS"
"P-515","タレス","万物の根源は水","哲学OS"
"P-516","ヘンリー・D・ソロー","市民的不服従、森の生活","哲学OS"
"P-517","アレクシ・ド・トクヴィル","アメリカの民主主義","政治OS"
"P-518","フェルディナンド・テンニース","ゲマインシャフトとゲゼルシャフト","哲学OS"
"P-519","スティーヴン・トゥールミン","議論の技法、コスモポリス","哲学OS"
"P-520","レフ・トロツキー","永続革命論","政治OS"
"P-521","アラン・チューリング","チューリングマシン、計算可能性","科学方法OS"
"P-522","内村鑑三","二つのJ、無教会主義","宗教OS"
"P-523","バス・ファン＝フラーセン","構成的実在論、科学的像","科学方法OS"
"P-524","ヴァスバンドゥ（世親）","唯識三十頌、阿毘達磨倶舎論","哲学OS"
"P-525","ソースティン・ヴェブレン","有閑階級、顕示的消費","社会OS"
"P-526","アンドレアス・ヴェサリウス","人体の構造、観察に基づく解剖学","科学方法OS"
"P-527","ジャン・バプティスト・ヴィーコ","新しい学、歴史の循環論","哲学OS"
"P-528","ポール・ヴィリリオ","速度学","哲学OS"
"P-529","フランシスコ・デ・ビトリア","国際法、サラマンカ学派","法OS"
"P-530","ヴォルテール","寛容論","技術OS"
"P-531","レフ・ヴィゴツキー","発達の最近接領域","心理OS"
"P-532","レオン・ワルラス","一般均衡理論","科学方法OS"
"P-533","マイケル・ウォルツァー","正義の領分","倫理OS"
"P-534","王陽明","知行合一、致良知","哲学OS"
"P-535","ジェームズ・ワトソン","二重らせん、生命の還元","科学方法OS"
"P-536","和辻哲郎","風土","哲学OS"
"P-537","ベアトリス・ウェッブ","フェビアン協会、社会改良","社会OS"
"P-538","マックス・ウェーバー","脱魔術化","哲学OS"
"P-539","シモーヌ・ヴェイユ","根をもつこと、不幸と神の愛","哲学OS"
"P-540","コーネル・ウェスト","預言者的プラグマティズム","哲学OS"
"P-541","アルフレッド・N・ホワイトヘッド","プロセス哲学","哲学OS"
"P-542","ベンジャミン・リー・ウォーフ","サピア＝ウォーフ仮説、言語決定論","科学方法OS"
"P-543","ノルベルト・ウィーナー","サイバネティクス","技術OS"
"P-544","バーナード・ウィリアムズ","道徳的運","倫理OS"
"P-545","レイモンド・ウィリアムズ","文化と社会","社会OS"
"P-546","ティモシー・ウィリアムソン","知識の第一性、様相の形而上学","哲学OS"
"P-547","E.O.ウィルソン","社会生物学","科学方法OS"
"P-548","ルートヴィヒ・ウィトゲンシュタイン","言語ゲーム","言語OS"
"P-549","メアリ・ウルストンクラフト","女性の権利","法OS"
"P-550","ウィルヘルム・ヴント","実験心理学","科学方法OS"
"P-551","クセノパネス","擬人化神観、一なる神","宗教OS"
"P-552","荀子","性悪説、礼治主義","倫理OS"
"P-553","ハンムラビ","ハンムラビ法典に代表される成文化され","法OS"
"P-554","ゼノン（キティオン）","ストア派創始","哲学OS"
"P-555","ゼノン（エレア派）","アキレスと亀","哲学OS"
"P-556","荘子","万物斉同、逍遥遊","哲学OS"
"P-557","朱熹（朱子）","朱子学、理気二元論","哲学OS"
"P-558","スラヴォイ・ジジェク","イデオロギーの崇高な対象","哲学OS"
"P-559","ゾロアスター","善悪二元論、終末論","宗教OS"
"P-560","モーセ","律法を核とする契約共同体の倫理OSを","宗教OS"
"P-561","イエス・キリスト","愛、赦し","宗教OS"
"P-562","使徒パウロ","キリスト教の普遍化と神学化を推進し","宗教OS"
"P-563","ムハンマド","啓示宗教","宗教OS"
"P-564","マルティン・ルター","信仰、良心","宗教OS"
"P-565","ジャン・カルヴァン","予定説、職業召命観","社会OS"
"P-566","マハーヴィーラ","徹底した不殺生と苦行倫理を体系化し","倫理OS"
"P-567","グル・ナーナク","唯一神、平等","宗教OS"
"P-568","アショーカ王","仏教的ダルマを政治統治に組み込み","宗教OS"
"P-569","ジャラールッディーン・ルーミー","愛と神秘体験を中心とする宗教感情の宇","宗教OS"
"P-570","カビール","儀礼批判と内面的信仰","宗教OS"
"P-571","バリー・カメンナー","環境問題を社会、経済構造と結びつけ","社会OS"
"P-572","ヴァンダナ・シヴァ","生物多様性、知財","倫理OS"
"P-573","クワメ・ンクルマ","脱植民地化と知の再編を掲げ","社会OS"
"P-574","アミルカル・カブラル","文化、植民地支配","倫理OS"
"P-575","グレゴール・メンデル","形質の遺伝法則を提示し","科学方法OS"
"P-576","ルイ・パストゥール","自然発生説の否定と病原体理解","倫理OS"
"P-577","マリー・キュリー","放射能研究","科学方法OS"
"P-578","アルフレート・ヴェーゲナー","大陸移動説、地球を動的システム","科学方法OS"
"P-579","イリヤ・プリゴジン","散逸構造","科学方法OS"
"P-580","エミー・ネーター","対称性と保存則の関係","科学方法OS"
"P-581","ポール・ディラック","量子力学と相対論の統合や反物質予言","科学方法OS"
"P-582","ダグラス・エンゲルバート","マウスや対話型コンピューティングと拡","科学方法OS"
"P-583","エミール・ポスト","計算可能性理論をチューリングと独立に","科学方法OS"
"P-584","アル＝ジャーヒズ","動物の書","科学方法OS"
"P-585","イブン・アル＝ナフィス","血液循環の記述","科学方法OS"
"P-586","アブラハム","契約一神教","宗教OS"
"P-587","ヒレル","ラビ的ユダヤ教、黄金律","宗教OS"
"P-588","ラビ・アキバ","律法解釈とタルムード的思考の基盤","宗教OS"
"P-589","ユダ・ハナシ","ミシュナ編纂","宗教OS"
"P-590","サアディア・ガオン","理性と啓示の統合","哲学OS"
"P-591","ラシ","聖書、タルムード注解の決定版","言語OS"
"P-592","ヨセフ・カロ","シュルハン","哲学OS"
"P-593","バアル・シェム・トーヴ","ハシディズム創始","倫理OS"
"P-594","グレゴリウス1世（大教皇）","西方教会制度、典礼","宗教OS"
"P-595","ヨハネス・クリュソストモス","説教と倫理教導","倫理OS"
"P-596","アッシジのフランチェスコ","清貧とフランシスコ会","倫理OS"
"P-597","シエナのカタリナ","神秘思想と教会改革","宗教OS"
"P-598","トマス・ア・ケンピス","キリストにならいて内面倫理の規範化","倫理OS"
"P-599","アビラのテレサ","神秘主義、カルメル改革","宗教OS"
"P-600","十字架のヨハネ","霊性の暗夜","哲学OS"
"P-601","ジョン・ウェスレー","メソジスト運動","倫理OS"
"P-602","カール・バルト","弁証法神学","宗教OS"
"P-603","ディートリヒ・ボンヘッファー","倫理と抵抗の神学","宗教OS"
"P-604","C.S.ルイス","キリスト教倫理の大衆的再提示","宗教OS"
"P-605","アブー・ハニーファ","ハナフィー法学派創始","法OS"
"P-606","マーリク・イブン・アナス","マーリキー法学派","社会OS"
"P-607","アッ＝シャーフィイー","ウスール、アルフィクフ体系化","法OS"
"P-608","アフマド・イブン・ハンバル","ハンバリー法学派、伝承主義","哲学OS"
"P-609","アル＝ブハーリー","サヒーフ","宗教OS"
"P-610","ムスリム・イブン・ハッジャージュ","サヒーフ、ムスリム","宗教OS"
"P-611","アッ＝タバリー","歴史叙述とクルアーン注解","宗教OS"
"P-612","アル＝アシュアリー","スンナ派正統神学","宗教OS"
"P-613","アル＝マーワルディー","イスラム統治論","宗教OS"
"P-614","イブン・カイイム・アル＝ジャウズィーヤ","法、霊性","宗教OS"
"P-615","ヴィヤーサ","叙事詩、ヴェーダ伝承の編纂","言語OS"
"P-616","マヌ","マヌ法典社会倫理、法","法OS"
"P-617","カウティリヤ（チャーナキヤ）","アルタシャーストラ国家術、政治倫理","政治OS"
"P-618","シャーンティデーヴァ","入菩提行論大乗倫理","倫理OS"
"P-619","ツォンカパ","ゲルク派創始","哲学OS"
"P-620","王夫之","唯物的自然観と歴史哲学","哲学OS"
"P-621","董仲舒","儒教の国家イデオロギー化","政治OS"
"P-622","商鞅","法治国家の制度化","法OS"
"P-623","ヒポクラテス","医の倫理","倫理OS"
"P-624","バルトロメ・デ・ラス・カサス","先住民権利擁護","法OS"
"P-625","エレノア・ルーズベルト","世界人権宣言の推進","倫理OS"
"P-626","ルネ・カサン","世界人権宣言の起草","倫理OS"
"P-627","張彭春","人権概念の文化間翻訳","倫理OS"
"P-628","チャールズ・マリク","UDHR起草、哲学的基礎づけ","哲学OS"
"P-629","ネルソン・マンデラ","和解の政治倫理、人権の実践","倫理OS"
"P-630","デズモンド・ツツ","ウブントゥ倫理と真実和解委員会","倫理OS"
"P-631","バハーウッラー","バハーイー教創始","倫理OS"
"P-632","バーブ","バーブ教、バハーイー教の前駆","哲学OS"
"P-633","アブドゥル＝バハー","教義の普遍化と社会倫理","倫理OS"
"P-634","ジョセフ・スミス","末日聖徒運動創始","哲学OS"
"P-635","ダマスコのヨハネ","知識の泉などで東方正教の教義を体系化","宗教OS"
"P-636","ローザ・パークス","モンゴメリー、バス","倫理OS"
"P-637","マーティン・ルーサー・キング・ジュニア","非暴力直接行動と正義の神学的","倫理OS"
"P-638","マルコムX","人種差別の構造批判と自己決定の倫理を","社会OS"
"P-639","ベルトルト・ブレヒト","叙事詩的演劇と異化効果","社会OS"
"P-640","ニール・ポストマン","メディア、エコロジーの立場から","技術OS"
"P-641","フランシス・クリック","DNA二重らせんの共同発見とセントラ","科学方法OS"
"P-642","張道陵","天師道の創始者","宗教OS"
"P-643","リュクルゴス（スパルタ）","スパルタの立法者","法OS"
"P-644","イザヤ（預言者）","社会正義、契約倫理","倫理OS"
"P-645","エレミヤ（預言者）","捕囚期の危機の中","宗教OS"
"P-646","李滉（退渓）","朝鮮朱子学を体系化し","倫理OS"
"P-647","李珥（栗谷）","儒教的修養と国家運営を統合し、制度","倫理OS"
"P-648","パドマサンバヴァ（蓮華生）","チベットに密教を根付かせたとされる伝","宗教OS"
"P-649","ブッダゴーサ","清浄道論","宗教OS"
"P-650","ブッダダーサ比丘","上座部仏教の近代改革者","宗教OS"
"P-651","ティク・ナット・ハン","エンゲージド","宗教OS"
"P-652","ジャマールッディーン・アフガーニー","近代化とイスラムの統合、反植民地主義","社会OS"
"P-653","ムハンマド・アブドゥフ","イスラム改革主義の代表","宗教OS"
"P-654","ホームズ・ロールストン三世","環境倫理学の主要理論家","倫理OS"
"P-655","エドマンド・ペレグリーノ","生命倫理における臨床、医療専門職倫理","倫理OS"
"P-656","キャロル・ギリガン","ケアの倫理を提示し、権利","倫理OS"
"P-657","ウィリアム・ヒューウェル","科学方法論と概念形成を論じ","科学方法OS"
"P-658","チェイク・アンタ・ジョップ","アフリカ史、文明史の再構成を提起し","社会OS"
"P-659","リンダ・トゥヒワイ・スミス","Decolonizing Metho","技術OS"
"P-660","スタッフォード・ビア","マネジメント","技術OS"
"P-661","テオドール・ヘルツル","政治的シオニズムを提唱し、近代の民族","宗教OS"
"P-662","ジョヴァンニ・ジェンティーレ","実際的観念論に基づきファシズム体制の","倫理OS"
"P-663","エレン・G・ホワイト","セブンスデー","宗教OS"
"P-664","アーロン・スワーツ","オープンアクセスとデジタル公共圏の倫","倫理OS"
"P-665","ジョディ・ウィリアムズ","地雷禁止国際キャンペーンを主導し","倫理OS"
"P-666","シッティング・ブル","先住民の土地、霊性","倫理OS"
"P-667","ダンテ・アリギエーリ","神曲による来世の倫理的宇宙論を物語","宗教OS"
"P-668","アルベルト・シュヴァイツァー","生命への畏敬倫理","倫理OS"
"P-669","パウル・ティリッヒ","究極的関心、神学を実存哲学と接続し","宗教OS"
"P-670","ルドルフ・オットー","ヌミノース、聖なるものの概念化","宗教OS"
"P-671","ラインホールド・ニーバー","キリスト教リアリズム","宗教OS"
"P-672","ルドルフ・ブルトマン","非神話化による聖書解釈の現代化","宗教OS"
"P-673","アリー・イブン・アビー・ターリブ","正義、知","宗教OS"
"P-674","アル＝ハッラージュ","スーフィー神秘主義を象徴。内面的霊性","宗教OS"
"P-675","ラーマクリシュナ","諸宗教実践","宗教OS"
"P-676","スワミ・ヴィヴェーカーナンダ","ヴェーダーンタの近代化と普遍宗教の提","宗教OS"
"P-677","トマス・ヘンリー・ハクスリー","不可知論の提唱と進化論擁護","科学方法OS"
"P-678","イアン・バーバー","科学と宗教の関係モデルを体系化し","科学方法OS"
"P-679","ウダヤナ","ニヤーヤ学派","哲学OS"
"P-680","グスタボ・グティエレス","解放の神学","宗教OS"
"P-681","ロバート・ボイル","実験科学と自然観の再編","科学方法OS"
"P-682","カピラ","サーンキヤ哲学の祖とされる","宗教OS"
"P-683","カナーダ","ヴァイシェーシカ学派の祖","哲学OS"
"P-684","イブン・アル＝ジャウズィー","ハンバル派の神学者、説教者","宗教OS"
"P-685","イブン・クダーマ","ハンバル派法学の代表的継承者","宗教OS"
"P-686","張載","宋代儒学の祖級","倫理OS"
"P-687","程顥","宋代理学の基礎を形成","倫理OS"
"P-688","程頤","宋代理学の中核","倫理OS"
"P-689","リシャール・ド・サン＝ヴィクトル","キリスト教神秘主義、神学","宗教OS"
"P-690","サラ・アーメッド","フェミニズム／感情の政治、現象学","倫理OS"
"P-691","フルドリッヒ・ツヴィングリ","宗教改革の中心人物","宗教OS"
"P-692","ジョージ・ホワイトフィールド","第一次大覚醒の主導者","宗教OS"
"P-693","ラーマナ・マハルシ","近代アドヴァイタの聖者","宗教OS"
"P-694","ジッドゥ・クリシュナムルティ","権威批判と内的自由","宗教OS"
"P-695","ヨハネス・アルトゥジウス","共同体","宗教OS"
"P-696","エルンスト・ユンガー","戦争体験と技術","倫理OS"
"P-697","ウェンデル・ベリー","土地倫理、共同体主義の思想家","社会OS"
"P-698","ジョアンナ・メイシー","エコロジー運動と仏教的実践の架橋。つ","宗教OS"
"P-699","ヴァイン・デロリア・ジュニア","先住民神学、知の体系の理論化。土地","宗教OS"
"P-700","グロリア・アンサルドゥア","境界とメスティーサ意識の思想。アイデ","社会OS"
"P-701","ラリー・ラウダン","科学哲学","科学方法OS"
"P-702","フランシス・カム","現代規範倫理学","倫理OS"
"P-703","ベンジャミン・ブラットン","プラネタリー","倫理OS"
